ACHILLES,"$1,050.00 – $1,360.00"
AKIDO,"$1,365.00 – $1,596.00"
Aladin,"$1,379.00"
ALEXANDER,"$1,107.00 – $1,399.00"
AMIGO,"$1,068.00 – $1,346.00"
ANGEL,$989.00
APOSTOPLE,"$1,244.26 – $1,670.56"
ATHENA,"$1,060.00 – $1,240.00"
BAKU,"$1,103.00 – $1,331.00"
Bassinet,"$1,271.00"
BELLA LUNA,"$960.15 – $1,279.63"
BLISS,"$998.00 – $1,270.00"
BOGOTA,"$943.00 – $1,205.00"
CAT-MAN-DO,"$979.00 – $1,185.00"
CHECK MATE,"$951.00 – $1,159.00"
Cherub,"$1,057.00"
COCKATOO,"$1,011.00 – $1,221.00"
DESIRE,"$1,069.00 – $1,266.00"
DIANA,"$964.00 – $1,200.00"
Ecstasy,"$1,888.00"
Edinburgh,"$1,047.00"
ELF,"$985.00 – $1,186.00"
EROS,"$1,012.00 – $1,364.00"
FAIRY,"$1,047.00"
GRIFFIN,"$1,047.00 – $1,437.00"
HATHOR,"$946.00 – $1,172.00"
HERMES,"$946.00 – $1,240.00"
HOEDUS,"$1,003.33 – $1,306.90"
KAMA,"$1,007.88 – $1,313.72"
KARMA,"$1,050.00 – $1,237.00"
KARNA,"$1,064.00 – $1,413.00"
KOOKABURRA,"$989.70 – $1,240.99"
KORU,"$1,194.00 – $1,588.00"
LAMA,"$944.24 – $1,134.16"
LAPAZ,"$941.00 – $1,151.00"
Lavenir,"$2,228.00"
Love Life,"$1,057.00 – $1,361.00"
LOVE PARK,"$1,166.00 – $1,240.00"
LUMBINI,"$1,030.00 – $1,352.00"
LUST,"$952.00 – $1,171.53"
MAGNATE,"$971.51 – $1,286.45"
MALIKA,"$1,171.00 – $1,568.00"
Mini Panda,$759.78 – $804.00
Miracle,"$2,949.00"
MIRANDA,"$962.00 – $1,218.00"
Mont Saint,"$1,476.00"
MYSTICAL,"$1,330.63 – $1,893.30"
NISH,"$1,001.00 – $1,254.00"
NITA,"$1,087.00 – $1,347.00"
Noah’s Ark,"$2,750.00 $1,993.00"
NYSA,"$997.00 – $1,173.00"
ORCHID,"$977.00 – $1,119.00"
PANJIN,"$1,004.00 – $1,264.00"
PARADISE,"$991.97 – $1,327.36"
PEACOCK,"$1,169.25 – $1,638.74"
PENELOPE,"$1,037.00 – $1,243.00"
Popeye,"$1,635.00"
PROMETHEUS,"$969.00 – $1,165.00"
Relicus,"$2,623.00"
Scooby Duck,"$1,360.00"
SELENE,"$982.00 – $1,354.00"
Sensei,$849.00 – $899.00
SERENITY,"$991.97 – $1,315.99"
SPIRIT,"$939.00 – $1,165.00"
SUPANOVA,"$962.42 – $1,229.63"
SYDNEY,"$975.00 – $1,198.00"
TANTRA,"$1,005.00 – $1,181.00"
TAURUS,"$996.00 – $1,304.00"
TERRA,"$961.00 – $1,273.00"
THYRA,"$987.42 – $1,377.36"
TI AMO,"$1,103.00 – $1,381.00"
Tweety Bird,"$1,379.00"
UTOPIA,"$1,081.00 – $1,321.00"
VALENTINE,"$1,235.17 – $1,702.38"
VENUS,"$976.00 – $1,211.00"
VIRGINIA,"$996.00 – $1,265.00"
WHISPER,"$2,090.00"
Windsor,"$1,021.52 – $1,250.08"
WISDOM,"$1,021.00 – $1,438.00"
YETI,"$2,180.00"
